{"cameraMode":{"drawMode":0,"name":"Shaded","section":"Shading Mode"},"sceneLighting":false,"audioPlay":false,"sceneViewState":{"showFog":true,"showMaterialUpdate":true,"showSkybox":true,"showFlares":true,"showImageEffects":true,"showParticleSystems":true},"in2DMode":false,"pivot":{"x":0.5703697204589844,"y":-0.903681755065918,"z":5.137956619262695},"rotation":{"x":-0.07501593232154846,"y":-0.7808448076248169,"z":0.0955880880355835,"w":-0.6127943396568298},"size":2.8578836917877199,"orthographic":false}